,,,,,,,,,,,,,,
Contributeur,Rang / Categorie,"Note
(/10)",Nom,Réalisateur,Acteurs,Type,Genre,Année,Pays,Description,Notes,Date Visionage,Plateforme,Maman Compatible
,,,,,,,,,,,,,,
Alice,,8.5,Amélie,Jean-Pierre Jeunet,"Audrey Tautou, Mathieu Kassovitz",Film,Comédie romantique,2001,France,A shy waitress secretly improves the lives of the people around her.,Pure charm. The soundtrack alone is worth it.,12/03/2026,Netflix,Oui
Bob,,7,Amélie,Jean-Pierre Jeunet,"Audrey Tautou, Mathieu Kassovitz",Film,Comédie romantique,2001,France,A shy waitress secretly improves the lives of the people around her.,"Lovely, if a bit sweet for me.",mars 2026,Netflix,Oui
Chloé,,9,Spirited Away,Hayao Miyazaki,"Rumi Hiiragi, Miyu Irino",Film,Animation,2001,Japon,A girl wanders into a world of spirits and must free her parents.,Every frame could hang in a museum.,04/2026,,Oui
Alice,,"6,5",Inception,Christopher Nolan,"Leonardo DiCaprio, Elliot Page",Film,Science-fiction,2010,USA,A thief steals secrets by entering people's dreams.,Clever but exhausting.,2025,Cinéma,bof
Bob,,9,Parasite,Bong Joon-ho,"Song Kang-ho, Choi Woo-shik",Film,Thriller,2019,Corée du Sud,A poor family schemes its way into a wealthy household.,Funny until it really isn't.,11.2025,,Non
Chloé,,8,The Grand Budapest Hotel,Wes Anderson,"Ralph Fiennes, Tony Revolori",Film,Comédie,2014,USA,A legendary concierge and his lobby boy are framed for murder.,Symmetry heaven.,15/01/2026,Disney+,Oui
